LASTNAME,HIRE_DATE
Austin,1997-06-25
Pataballa,1998-02-05
Lorentz,1999-02-07
Chen,1997-09-28
Sciarra,1997-09-30
Urman,1998-04-07
Popp,1999-12-07
Baida,1997-12-24
Tobias,1997-07-24
Himuro,1998-11-15
Colmenares,1999-08-10
Fripp,1997-04-10
Vollman,1997-10-10
Mourgos,1999-11-16
Nayer,1997-07-16
Mikkilineni,1998-09-28
Landry,1999-01-14
Markle,2000-04-08
Bissot,1997-08-20
Atkinson,1997-10-30
Marlow,1997-02-16
Olson,1999-04-10
Rogers,1998-08-26
Gee,1999-12-12
Philtanker,2000-02-06
Stiles,1997-10-26
Seo,1998-02-12
Patel,1998-04-06
Matos,1998-04-15
Vargas,1998-07-09
Errazuriz,1997-04-10
Cambrault,1999-10-15
Zlotkey,2000-01-29
Tucker,1997-01-30
Bernstein,1997-04-24
Hall,1997-08-20
Olsen,1998-04-30
Cambrault,1998-12-09
Tuvault,1999-11-23
Smith,1997-04-10
Doran,1997-12-15
Sewall,1998-11-03
Vishney,1997-11-11
Greene,1999-04-19
Marvins,2000-01-24
Lee,2000-02-23
Ande,2000-04-24
Banda,2000-04-21
Ozer,1997-04-11
Bloom,1998-04-23
Fox,1998-01-24
Smith,1999-02-23
Bates,1999-04-24
Kumar,2000-04-21
Hutton,1997-04-19
Taylor,1998-04-24
Livingston,1998-04-23
Grant,1999-05-24
Johnson,2000-01-04
Taylor,1998-01-24
Fleaur,1998-02-23
Sullivan,1999-06-21
Geoni,2000-02-03
Bull,1997-02-20
Dellinger,1998-06-24
Cabrio,1999-02-07
Chung,1997-06-14
Dilly,1997-08-13
Gates,1998-07-11
Perkins,1999-12-19
Everett,1997-04-03
McCain,1998-07-01
Jones,1999-04-17
Walsh,1998-04-24
Feeney,1998-05-23
OConnell,1999-06-21
Grant,2000-01-13
Fay,1997-08-17
