FIRSTNAME,LASTNAME
Neena,Kochhar
Lex,De Haan
Den,Raphaely
Matthew,Weiss
Adam,Fripp
Payam,Kaufling
Shanta,Vollman
Kevin,Mourgos
John,Russell
Karen,Partners
Alberto,Errazuriz
Gerald,Cambrault
Eleni,Zlotkey
Michael,Hartstein
Jennifer,Whalen
Susan,Mavris
Hermann,Baer
Shelley,Higgins
Nancy,Greenberg
Alexander,Hunold
Bruce,Ernst
David,Austin
Valli,Pataballa
Diana,Lorentz
Daniel,Faviet
John,Chen
Ismael,Sciarra
Jose Manuel,Urman
Luis,Popp
Alexander,Khoo
Shelli,Baida
Sigal,Tobias
Guy,Himuro
Karen,Colmenares
Julia,Nayer
Irene,Mikkilineni
James,Landry
Steven,Markle
Winston,Taylor
Jean,Fleaur
Martha,Sullivan
Girard,Geoni
Nandita,Sarchand
Alexis,Bull
Julia,Dellinger
Anthony,Cabrio
Laura,Bissot
Mozhe,Atkinson
James,Marlow
TJ,Olson
Jason,Mallin
Michael,Rogers
Ki,Gee
Hazel,Philtanker
Kelly,Chung
Jennifer,Dilly
Timothy,Gates
Randall,Perkins
Sarah,Bell
Britney,Everett
Samuel,McCain
Vance,Jones
Renske,Ladwig
Stephen,Stiles
John,Seo
Joshua,Patel
Trenna,Rajs
Curtis,Davies
Randall,Matos
Peter,Vargas
Alana,Walsh
Kevin,Feeney
Donald,OConnell
Douglas,Grant
William,Gietz
